username,password
user1434sfdsvfdsfffffffffffg,pass1sdgggggggggggggggggggggggg
user2sgdddddddddddddddddddddd,pass2sdggggggggggggggggggggggf
wzzr43ferde4rf4erft4erft4ertf,1234543tr4ertfergvf34terferfgt34t
user143t34trfrdfvdfvgefrferf,pass1ertg34tgervgfrdgvergergfgrg
wzzr43ferde4rf4erft4erft4ertf,1234543tr4ertfergvf34terferfgt34t
user143t34trfrdfvdfvgefrferf,pass1ertg34tgervgfrdgvergergfgrg
wzzr43ferde4rf4erft4erft4ertf,1234543tr4ertfergvf34terferfgt34t
user143t34trfrdfvdfvgefrferf,pass1ertg34tgervgfrdgvergergfgrg
wzzr43ferde4rf4erft4erft4ertf,1234543tr4ertfergvf34terferfgt34t
user143t34trfrdfvdfvgefrferf,pass1ertg34tgervgfrdgvergergfgrg
wzzr43ferde4rf4erft4erft4ertf,1234543tr4ertfergvf34terferfgt34t
user143t34trfrdfvdfvgefrferf,pass1ertg34tgervgfrdgvergergfgrg
wzzr43ferde4rf4erft4erft4ertf,1234543tr4ertfergvf34terferfgt34t
user143t34trfrdfvdfvgefrferf,pass1ertg34tgervgfrdgvergergfgrg
wzzr43ferde4rf4erft4erft4ertf,1234543tr4ertfergvf34terferfgt34t
user143t34trfrdfvdfvgefrferf,pass1ertg34tgervgfrdgvergergfgrg
